<?xml version="1.0" encoding="UTF-8"?>
<books>
  <book id="1">
    <image>../../images/book1.jpg</image>
    <title>Harry Potter and the Half Blood Prince</title>
    <price>4325.00</price>
    <stock>In Stock</stock>
    <language>English</language>
    <author>J.K. Rowling</author>
    <publisher>Bloomsbury Publishing PLC</publisher>
    <isbn>1408586172</isbn>
    <category>Children</category>
    <rating>3.9</rating>
    <description>A compelling continuation of Harry's journey as he faces the darker facets of the wizarding world.</description>
  </book>
  <book id="2">
    <image>../../images/book2.jpeg</image>
    <title>AMMA</title>
    <price>1350.00</price>
    <stock>In Stock</stock>
    <language>English</language>
    <author>MARKSIM GORKI</author>
    <publisher>Book Loft</publisher>
    <isbn>16170</isbn>
    <category>Novel</category>
    <rating>3.4</rating>
    <description>An emotionally charged story portraying the perseverance of the working class.</description>
  </book>
  <book id="3">
    <image>../../images/BestShortStoriesofAntonChekov.jpg </image>
    <title>Best Short Stories Of Anton Chekov</title>
    <price>1450.00</price>
    <stock>In Stock</stock>
    <language>English</language>
    <author>Anton Chekov</author>
    <publisher>Book Loft</publisher>
    <isbn>17170</isbn>
    <category>Short Story</category>
    <rating>2.9</rating>
    <description>Thought-provoking narratives that delve into the intricacies of human behavior.</description>
  </book>
  <book id="4">
    <image>../../images/madoldoowa.jpg</image>
    <title>Madol Doowa</title>
    <price>475.00</price>
    <stock>In Stock</stock>
    <language>Sinhala</language>
    <author>Martin Wickramasinghe</author>
    <publisher>Gunasena Publishers</publisher>
    <isbn>9789552111101</isbn>
    <category>Classic</category>
    <rating>4.2</rating>
    <description>A beloved Sinhala classic that captures youthful adventures with cultural richness.</description>
  </book>
  <book id="5">
    <image>../../images/book5.jpg</image>
    <title>The Seven Moons of Maali Almeida</title>
    <price>1960.00</price>
    <stock>In Stock</stock>
    <language>English</language>
    <author>Shehan Karunatilaka</author>
    <publisher>Sort of Books</publisher>
    <isbn>1910702347</isbn>
    <category>Fiction</category>
    <rating>4.6</rating>
    <description>A masterfully woven tale exploring the intersection of life, death, and redemption.</description>
  </book>
  <book id="6">
    <image>../../images/book6.jpg</image>
    <title>Elon Musk - Risking It All</title>
    <price>3355.00</price>
    <stock>In Stock</stock>
    <language>English</language>
    <author>Michael Vlismas</author>
    <publisher>Jonathan Ball Publishers</publisher>
    <isbn>1776190122</isbn>
    <category>Biography</category>
    <rating>1.7</rating>
    <description>An unflinching dive into the life and challenges of one of the world’s iconic innovators.</description>
  </book>
  <book id="7">
    <image>../../images/book7.jpg</image>
    <title>Eda Heladiwa</title>
    <price>900.00</price>
    <stock>In Stock</stock>
    <language>Sinhala</language>
    <author>David Karunaratne</author>
    <publisher>Sri Lanka Publishers</publisher>
    <isbn>1990101020</isbn>
    <category>Historical Fiction</category>
    <rating>3.6</rating>
    <description>A window into the historic struggles and triumphs of a bygone era.</description>
  </book>
  <book id="8">
    <image>../../images/book8.jpg</image>
    <title>The Hobbit</title>
    <price>2700.00</price>
    <stock>In Stock</stock>
    <language>English</language>
    <author>J.R.R. Tolkien</author>
    <publisher>HarperCollins</publisher>
    <isbn>0261102214</isbn>
    <category>Fantasy</category>
    <rating>2.5</rating>
    <description>A magical prelude to Middle-earth’s epic adventures with Bilbo Baggins at the helm.</description>
  </book>
  <book id="9">
    <image>../../images/book9.jpg</image>
    <title>Da Vinci Code</title>
    <price>2445.00</price>
    <stock>In Stock</stock>
    <language>English</language>
    <author>Dan Brown</author>
    <publisher>Doubleday</publisher>
    <isbn>0385504209</isbn>
    <category>Thriller</category>
    <rating>3.6</rating>
    <description>An exhilarating chase through art, history, and conspiracy theories.</description>
  </book>
  <book id="10">
    <image>../../images/book10.jpg</image>
    <title>Great Adventures Of Sherlock Holmes</title>
    <price>1900.00</price>
    <stock>In Stock</stock>
    <language>English</language>
    <author>Sir Arthur Conan Doyle</author>
    <publisher>Wordsworth Editions</publisher>
    <isbn>1853262455</isbn>
    <category>Mystery</category>
    <rating>4.0</rating>
    <description>Classic tales of intrigue and detective genius from the legendary Sherlock Holmes.</description>
  </book>

<book id="11">
    <image>../../images/book11.jpg</image>
    <title>The God Of The Woods</title>
    <price>3300.00</price>
    <stock>In Stock</stock>
    <language>English</language>
    <author>Liz Mooks</author>
    <publisher>Book Loft</publisher>
    <isbn>000011</isbn>
    <category>Fantasy</category>
    <rating>1.6</rating>
    <description>An eerie and mystical journey into the heart of an enchanted forest.</description>
  </book>
  <book id="12">
    <image>../../images/book12.jpg</image>
    <title>The Christmas Tree Farm</title>
    <price>2700.00</price>
    <stock>In Stock</stock>
    <language>English</language>
    <author>Laure Gilmore</author>
    <publisher>Book Loft</publisher>
    <isbn>000012</isbn>
    <category>Seasonal Fiction</category>
    <rating>3.3</rating>
    <description>A heartwarming story about love, family, and the magic of the holidays.</description>
  </book>
  <book id="13">
    <image>../../images/book13.jpg</image>
    <title>Heroes of Olympus Mark of Athena</title>
    <price>2650.00</price>
    <stock>In Stock</stock>
    <language>English</language>
    <author>Rick Riordan</author>
    <publisher>Disney-Hyperion</publisher>
    <isbn>000013</isbn>
    <category>Adventure</category>
    <rating>3.7</rating>
    <description>An epic quest filled with camaraderie, challenges, and divine twists.</description>
  </book>
  <book id="14">
    <image>../../images/book14.jpg</image>
    <title>Kammali Mole</title>
    <price>950.00</price>
    <stock>In Stock</stock>
    <language>Sinhala</language>
    <author>Chandana Sooriyabandara</author>
    <publisher>Sarasavi</publisher>
    <isbn>000014</isbn>
    <category>Cultural Fiction</category>
    <rating>4.0</rating>
    <description>A vivid tale that brings local traditions and family bonds to life.</description>
  </book>
  <book id="15">
    <image>../../images/book15.jpg</image>
    <title>Seeni Murukku</title>
    <price>1200.00</price>
    <stock>In Stock</stock>
    <language>Sinhala</language>
    <author>Kasun Mahendra</author>
    <publisher>Sarasavi</publisher>
    <isbn>000015</isbn>
    <category>Humor</category>
    <rating>2.9</rating>
    <description>A lighthearted story with humor and unforgettable characters.</description>
  </book>
  <book id="16">
    <image>../../images/book16.jpg</image>
    <title>SHAH RUKH KHAN</title>
    <price>2565.00</price>
    <stock>In Stock</stock>
    <language>English</language>
    <author>Mohar Basu</author>
    <publisher>Book Loft</publisher>
    <isbn>000016</isbn>
    <category>Biography</category>
    <rating>3.1</rating>
    <description>An inspiring chronicle of the life and achievements of a Bollywood legend.</description>
  </book>
  <book id="17">
    <image>../../images/book17.jpg</image>
    <title>An Islands Eleven A History Of Cricket In Sri Lanka</title>
    <price>4745.00</price>
    <stock>In Stock</stock>
    <language>English</language>
    <author>Nicolas Brooks</author>
    <publisher>Book Loft</publisher>
    <isbn>000017</isbn>
    <category>Sports</category>
    <rating>3.0</rating>
    <description>A fascinating exploration of cricket's heritage and legacy in Sri Lanka.</description>
  </book>
  <book id="18">
    <image>../../images/book18.jpg</image>
    <title>Unlocking the Universe Previous product Next product</title>
    <price>2695.00</price>
    <stock>In Stock</stock>
    <language>English</language>
    <author>Stephen Hawking, Lucy Hawking</author>
    <publisher>Unknown Publisher</publisher>
    <isbn>000018</isbn>
    <category>Science</category>
    <rating>2.6</rating>
    <description>A dive into the wonders of the universe, making science accessible for all.</description>
  </book>
  <book id="19">
    <image>../../images/book19.jpg</image>
    <title>The Maidens</title>
    <price>2800.00</price>
    <stock>In Stock</stock>
    <language>English</language>
    <author>Alex Michaelides</author>
    <publisher>Celadon Books</publisher>
    <isbn>000019</isbn>
    <category>Thriller</category>
    <rating>2.5</rating>
    <description>A chilling and mysterious tale that keeps readers guessing till the end.</description>
  </book>
  <book id="20">
    <image>../../images/book20.jpg</image>
    <title>King Of Greed</title>
    <price>2916.00</price>
    <stock>In Stock</stock>
    <language>English</language>
    <author>Ana Huang</author>
    <publisher>Magic Books</publisher>
    <isbn>000020</isbn>
    <category>Drama</category>
    <rating>1.9</rating>
    <description>A gripping story of ambition, power, and the human cost of avarice.</description>
  </book>
  
  <book id="21">
    <image>../../images/PROJECTHAILMARY.jpg</image>
    <title>Project Hail Mary</title>
    <price>2560.00</price>
    <stock>In Stock</stock>
    <language>English</language>
    <author>Andy Weir</author>
    <publisher>Magic Books</publisher>
    <isbn>000021</isbn>
    <category>Fiction</category>
    <rating>4.5</rating>
    <description>A lone astronaut, suffering from amnesia, must solve an interstellar mystery to save humanity from extinction.</description>
  </book>
  <book id="22">
    <image>../../images/INVISIBLE.jpg</image>
    <title>INVISIBLE</title>
    <price>2538.00</price>
    <stock>In Stock</stock>
    <language>English</language>
    <author>Danielle Steel</author>
    <publisher> Celadon Books</publisher>
    <isbn>000022</isbn>
    <category>Fiction</category>
    <rating>3.3</rating>
    <description>A thought-provoking story about a protagonist who struggles with societal neglect and personal identity.</description>
  </book>
  <book id="23">
    <image>../../images/TALEOFTHEHEARTQUEEN.jpg</image>
    <title>TALE OF THE HEART QUEEN</title>
    <price>4000.00</price>
    <stock>In Stock</stock>
    <language>English</language>
    <author>Nisha J. tuli</author>
    <publisher>Celadon Books</publisher>
    <isbn>000023</isbn>
    <category>Fiction</category>
    <rating>3.2</rating>
    <description> A queen must balance love and duty while navigating political intrigue in her mystical kingdom.</description>
  </book>
  <book id="24">
    <image>../../images/EMBASSYCLA-1984.jpg</image>
    <title>EMBASSY CLA - 1984</title>
    <price>2800.00</price>
    <stock>In Stock</stock>
    <language>English</language>
    <author>Geogre Orwell</author>
    <publisher>Celadon Books</publisher>
    <isbn>000024</isbn>
    <category>Fiction</category>
    <rating>4.6</rating>
    <description> In a dystopian world, an embassy becomes the center of secrets, rebellion, and a fight against oppression.</description>
  </book>
  <book id="25">
    <image>../../images/DreamTown.jpg</image>
    <title>Dream Town</title>
    <price>2550.00</price>
    <stock>In Stock</stock>
    <language>English</language>
    <author>David Baldacci</author>
    <publisher>Magic Books</publisher>
    <isbn>000025</isbn>
    <category>Fiction</category>
    <rating>4.0</rating>
    <description>A detective in 1950s Hollywood uncovers dark secrets beneath the city's glamorous facade</description>
  </book>
  <book id="26">
    <image>../../images/Storyofmylife.jpeg</image>
    <title>Story of my Life</title>
    <price>2700.00</price>
    <stock>In Stock</stock>
    <language>English</language>
    <author>Lucy Score</author>
    <publisher>Book Loft</publisher>
    <isbn>000026</isbn>
    <category>Fiction</category>
    <rating>2.8</rating>
    <description>A young woman experiences love, friendship, and self-discovery in the fast-paced life of New York City.</description>
  </book>
  <book id="27">
    <image>../../images/damsel.jpeg</image>
    <title>DAMSEL</title>
    <price>3200.00</price>
    <stock>In Stock</stock>
    <language>English</language>
    <author>Evelyn Skye</author>
    <publisher>MGIC bOOKS</publisher>
    <isbn>000027</isbn>
    <category>Fiction</category>
    <rating>4.7</rating>
    <description>A twist on the classic fairy tale where a rescued woman realizes her prince may not be the hero she expected</description>
  </book>
  <book id="28">
    <image>../../images/songofthewest.jpeg</image>
    <title>Song of the West</title>
    <price>1500.00</price>
    <stock>In Stock</stock>
    <language>English</language>
    <author>Nora Roberts</author>
    <publisher>Magic Books</publisher>
    <isbn>000028</isbn>
    <category>Fiction</category>
    <rating>3.6</rating>
    <description>A woman finds love and belonging on the vast American plains, redefining her idea of home.</description>
  </book>
  <book id="29">
    <image>../../images/tothelighthouse.jpeg</image>
    <title>To The Lighthouse</title>
    <price>4890.00</price>
    <stock>In Stock</stock>
    <language>English</language>
    <author>Vilgiaia woolf</author>
    <publisher>Book Loft</publisher>
    <isbn>000029</isbn>
    <category>Fiction</category>
    <rating>3.5</rating>
    <description>A family's journey to a remote island explores the fleeting nature of time, memory, and human emotions.</description>
  </book>
  <book id="30">
    <image>../../images/needfulthings.jpeg</image>
    <title>NEEDFUL THINGS</title>
    <price>6500.00</price>
    <stock>In Stock</stock>
    <language>English</language>
    <author>Stephen King</author>
    <publisher>Magic Books</publisher>
    <isbn>000030</isbn>
    <category>Fiction</category>
    <rating>2.1</rating>
    <description>A mysterious shop grants people’s deepest desires at a sinister cost, leading to chaos in a small town.</description>
  </book>
  <book id="31">
    <image>../../images/trailbyfire.jpeg</image>
    <title>TRAIL BY FIRE</title>
    <price>3500.00</price>
    <stock>In Stock</stock>
    <language>English</language>
    <author>Danielle Steel</author>
    <publisher>Wordsworth Editions</publisher>
    <isbn>000031</isbn>
    <category>Fiction</category>
    <rating>4.3</rating>
    <description>A protagonist faces life-altering challenges that test their resilience and moral strength.</description>
  </book>
  <book id="32">
    <image>../../images/siddhartha.jpeg</image>
    <title>SIDDHARTHA</title>
    <price>1200.00</price>
    <stock>In Stock</stock>
    <language>English</language>
    <author>Hermann Hesse</author>
    <publisher>Wordsworth Editions</publisher>
    <isbn>000032</isbn>
    <category>Fiction</category>
    <rating>3.3</rating>
    <description>A young man embarks on a spiritual journey in ancient India to seek enlightenment and self-awareness.</description>
  </book>
  
    <book id="33">
        <image>../../images/apegama.jpg</image>
        <title>APE GAMMA</title>
        <price>750.00</price>
        <stock>In Stock</stock>
        <language>Sinhala</language>
        <author>Martin Wickramasinghe</author>
        <publisher>Sarasavi Publishers</publisher>
        <isbn>000033</isbn>
        <category>Children's Books</category>
        <rating>3.7</rating>
        <description>A classic Sinhala children's book that explores rural life and traditions through engaging storytelling.</description>
    </book>

    <book id="34">
        <image>../../images/frozen.jpeg</image>
        <title>FROZEN</title>
        <price>1500.00</price>
        <stock>In Stock</stock>
        <language>English</language>
        <author>Disney</author>
        <publisher>Disney Press</publisher>
        <isbn>000034</isbn>
        <category>Children's Books</category>
        <rating>4.3</rating>
        <description>A magical adventure featuring Elsa and Anna as they discover the true power of love and sisterhood.</description>
    </book>

    <book id="35">
        <image>../../images/kidnapped</image>
        <title>KIDNAPPED</title>
        <price>1250.00</price>
        <stock>In Stock</stock>
        <language>English</language>
        <author>Robert Louis Stevenson</author>
        <publisher>Puffin Classics</publisher>
        <isbn>000035</isbn>
        <category>Children's Books</category>
        <rating>3.9</rating>
        <description>A thrilling adventure of a young boy, David Balfour, who is kidnapped and embarks on a daring journey through Scotland.</description>
    </book>

    <book id="36">
        <image>../../images/scoobydoo.jpg</image>
        <title>Scooby-Doo</title>
        <price>2500.00</price>
        <stock>In Stock</stock>
        <language>English</language>
        <author>Hanna-Barbera</author>
        <publisher>Scholastic</publisher>
        <isbn>000036</isbn>
        <category>Children's Books</category>
        <rating>4.0</rating>
        <description>A fun and spooky mystery-solving adventure featuring Scooby-Doo and his gang.</description>
    </book>

    <book id="37">
        <image>../../images/thethreelittlepigs.jpeg</image>
        <title>The Three Little Pigs</title>
        <price>1200.00</price>
        <stock>In Stock</stock>
        <language>English</language>
        <author>Traditional</author>
        <publisher>Ladybird Books</publisher>
        <isbn>000037</isbn>
        <category>Children's Books</category>
        <rating>2.0</rating>
        <description>A timeless fairy tale about three little pigs building houses and outwitting a cunning wolf.</description>
    </book>

    <book id="38">
        <image>../../images/savingneverland</image>
        <title>Saving Neverland</title>
        <price>500.00</price>
        <stock>In Stock</stock>
        <language>English</language>
        <author>Lisa Papademetriou</author>
        <publisher>HarperCollins</publisher>
        <isbn>000038</isbn>
        <category>Children's Books</category>
        <rating>3.8</rating>
        <description>A whimsical story about a magical journey to Neverland to save it from dark forces.</description>
    </book>

    <book id="39">
        <image>../../images/madoldoowa.jpg</image>
        <title>Madol Doowa</title>
        <price>475.00</price>
        <stock>In Stock</stock>
        <language>Sinhala</language>
        <author>Martin Wickramasinghe</author>
        <publisher>Sarasavi Publishers</publisher>
        <isbn>000039</isbn>
        <category>Children's Books</category>
        <rating>4.7</rating>
        <description>A beloved Sri Lankan novel following the adventures of Upali and his life on an island.</description>
    </book>

    <book id="40">
        <image>../../images/disneypixar.jpeg</image>
        <title>DISNEY PIXAR</title>
        <price>2800.00</price>
        <stock>In Stock</stock>
        <language>English</language>
        <author>Disney</author>
        <publisher>Disney Press</publisher>
        <isbn>000040</isbn>
        <category>Children's Books</category>
        <rating>3.6</rating>
        <description>A collection of enchanting Pixar stories featuring beloved characters from popular animated films.</description>
    </book>

    <book id="41">
        <image>../../images/thedarkportal.jpeg</image>
        <title>THE DARK PORTAL</title>
        <price>900.00</price>
        <stock>In Stock</stock>
        <language>English</language>
        <author>Robin Jarvis</author>
        <publisher>Hodder Children's Books</publisher>
        <isbn>000041</isbn>
        <category>Children's Books</category>
        <rating>2.9</rating>
        <description>A dark and thrilling fantasy novel where a group of mice battle against an evil rat overlord.</description>
    </book>

    <book id="42">
        <image>../../images/youngadventure.jpg</image>
        <title>Young Adventure</title>
        <price>1150.00</price>
        <stock>In Stock</stock>
        <language>English</language>
        <author>Stephen Vincent Benét</author>
        <publisher>Henry Holt and Company</publisher>
        <isbn>000042</isbn>
        <category>Children's Books</category>
        <rating>2.1</rating>
        <description>A collection of poetry capturing the spirit of youthful adventures and dreams.</description>
    </book>

    <book id="43">
        <image>../../images/TWELFTHNIGHT.jpg</image>
        <title>TWELFTH NIGHT</title>
        <price>1458.00</price>
        <stock>In Stock</stock>
        <language>English</language>
        <author>William Shakespeare</author>
        <publisher>Penguin Classics</publisher>
        <isbn>000043</isbn>
        <category>Children's Books</category>
        <rating>4.3</rating>
        <description>A classic Shakespearean comedy filled with mistaken identities, romance, and witty humor.</description>
    </book>

    <book id="44">
        <image>../../images/treasurehunters.jpeg</image>
        <title>TREASURE HUNTERS</title>
        <price>1200.00</price>
        <stock>In Stock</stock>
        <language>English</language>
        <author>James Patterson</author>
        <publisher>Little, Brown and Company</publisher>
        <isbn>000044</isbn>
        <category>Children's Books</category>
        <rating>3.3</rating>
        <description>An action-packed adventure where a group of siblings set out to uncover lost treasures around the world.</description>
    </book>
    
    <book id="45">
        <image>../../images/anneofgreengables.jpeg</image>
        <title>ANNE OF GREEN GABLES</title>
        <price>1300.00</price>
        <stock>In Stock</stock>
        <language>English</language>
        <author>Lucy Maud Montgomery</author>
        <publisher>Magic Books</publisher>
        <isbn>000045</isbn>
        <category>Novels</category>
        <rating>3.3</rating>
        <description>A classic coming-of-age novel following the adventures of Anne Shirley in Green Gables.</description>
    </book>

    <book id="46">
        <image>../../images/closetodeath.jpeg</image>
        <title>Close to Death</title>
        <price>2700.00</price>
        <stock>In Stock</stock>
        <language>English</language>
        <author>Anthony Horowitz</author>
        <publisher>Magic Books</publisher>
        <isbn>000046</isbn>
        <category>Novels</category>
        <rating>4.8</rating>
        <description>A gripping thriller filled with suspense and unexpected twists.</description>
    </book>

    <book id="47">
        <image>../../images/waroftheworlds.jpeg</image>
        <title>The War of the Worlds</title>
        <price>3200.00</price>
        <stock>In Stock</stock>
        <language>English</language>
        <author>H.G. Wells</author>
        <publisher>Magic Books</publisher>
        <isbn>000047</isbn>
        <category>Novels</category>
        <rating>3.0</rating>
        <description>A sci-fi classic depicting an alien invasion of Earth.</description>
    </book>

    <book id="48">
        <image>../../images/somewherebeyondthesea.jpeg</image>
        <title>SOMEWHERE BEYOND THE SEA</title>
        <price>1250.00</price>
        <stock>In Stock</stock>
        <language>English</language>
        <author>TJ Klune</author>
        <publisher>Magic Books</publisher>
        <isbn>000048</isbn>
        <category>Novels</category>
        <rating>2.6</rating>
        <description>A heartwarming fantasy novel exploring love and belonging.</description>
    </book>

    <book id="49">
        <image>../../images/thealloyoflaw.jpeg</image>
        <title>The Alloy of Law</title>
        <price>2300.00</price>
        <stock>In Stock</stock>
        <language>English</language>
        <author>Brandon Sanderson</author>
        <publisher>Magic Books</publisher>
        <isbn>000049</isbn>
        <category>Novels</category>
        <rating>4.9</rating>
        <description>A steampunk fantasy set in the Mistborn universe.</description>
    </book>

    <book id="50">
        <image>../../images/zerodays.jpeg</image>
        <title>ZERO DAYS</title>
        <price>2700.00</price>
        <stock>In Stock</stock>
        <language>English</language>
        <author>Ruth Ware</author>
        <publisher>Magic Book</publisher>
        <isbn>000050</isbn>
        <category>Novels</category>
        <rating>4.8</rating>
        <description>A cyber-thriller packed with tension and high-stakes espionage.</description>
    </book>

    <book id="51">
        <image>../../images/thespellshop.jpeg</image>
        <title>The Spell Shop</title>
        <price>3200.00</price>
        <stock>In Stock</stock>
        <language>English</language>
        <author>Sarah Beth Durst</author>
        <publisher>Magic Book</publisher>
        <isbn>000051</isbn>
        <category>Novels</category>
        <rating>4.7</rating>
        <description>A magical fantasy about a young woman trying to sell spells.</description>
    </book>

    <book id="52">
        <image>../../images/theprice.jpeg</image>
        <title>THE PRICE</title>
        <price>800.00</price>
        <stock>In Stock</stock>
        <language>English</language>
        <author>Arthur Miller</author>
        <publisher>Magic Books</publisher>
        <isbn>000052</isbn>
        <category>Novels</category>
        <rating>2.7</rating>
        <description>A compelling drama about family, sacrifice, and regrets.</description>
    </book>

    <book id="53">
        <image>../../images/ravensong.jpeg</image>
        <title>RAVENSONG</title>
        <price>2950.00</price>
        <stock>In Stock</stock>
        <language>English</language>
        <author>T.J. Klune</author>
        <publisher>Magic Books</publisher>
        <isbn>000053</isbn>
        <category>Novels</category>
        <rating>4.1</rating>
        <description>A supernatural romance filled with magic and destiny.</description>
    </book>

    <book id="54">
        <image>../../images/isolationisland.jpeg</image>
        <title>ISOLATION ISLAND</title>
        <price>3700.00</price>
        <stock>In Stock</stock>
        <language>English</language>
        <author>Louise Minchin</author>
        <publisher>Magic Books</publisher>
        <isbn>000054</isbn>
        <category>Novels</category>
        <rating>3.9</rating>
        <description>A mysterious island novel that explores solitude and survival.</description>
    </book>

    <book id="55">
        <image>../../images/lifeofpi.jpeg</image>
        <title>LIFE OF PI</title>
        <price>1800.00</price>
        <stock>In Stock</stock>
        <language>English</language>
        <author>Yann Martel</author>
        <publisher>Magic Books</publisher>
        <isbn>000055</isbn>
        <category>Novels</category>
        <rating>1.8</rating>
        <description>A philosophical adventure about a boy stranded at sea with a tiger.</description>
    </book>

    <book id="56">
        <image>../../images/pathsofglory.jpeg</image>
        <title>Paths of Glory</title>
        <price>2800.00</price>
        <stock>In Stock</stock>
        <language>English</language>
        <author>Jeffrey Archer</author>
        <publisher>Magic Books</publisher>
        <isbn>000056</isbn>
        <category>Novels</category>
        <rating>4.6</rating>
        <description>An inspiring tale of ambition and adventure.</description>
    </book>
    
    <book id="57">
        <image>../../images/51.jpeg</image>
        <title>51 Best Short Stories</title>
        <price>1300.00</price>
        <stock>In Stock</stock>
        <language>English</language>
        <author>Various Authors</author>
        <publisher>Short Story Press</publisher>
        <isbn>000057</isbn>
        <category>Short Stories</category>
        <rating>3.3</rating>
        <description>A collection of the best short stories from various authors.</description>
    </book>
    <book id="58">
        <image>../../images/anightwiththieves.jpeg</image>
        <title>A NIGHT WITH THIEVES</title>
        <price>2700.00</price>
        <stock>In Stock</stock>
        <language>English</language>
        <author>Yasmin Jaldin</author>
        <publisher>Adventure Books</publisher>
        <isbn>000058</isbn>
        <category>Thriller</category>
        <rating>4.8</rating>
        <description>A thrilling tale about a daring heist and a night full of danger.</description>
    </book>
    <book id="59">
        <image>../../images/charlesdickens.jpeg</image>
        <title>GREAT SHORT STORIES OF CHARLES DICKENS</title>
        <price>3200.00</price>
        <stock>In Stock</stock>
        <language>English</language>
        <author>Charles Dickens</author>
        <publisher>Classic Press</publisher>
        <isbn>000059</isbn>
        <category>Classics</category>
        <rating>3.0</rating>
        <description>A collection of some of the best short stories by Charles Dickens.</description>
    </book>
    <book id="60">
        <image>../../images/indiantales.jpg</image>
        <title>Indian Tales</title>
        <price>1250.00</price>
        <stock>In Stock</stock>
        <language>English</language>
        <author>Rudyard Kipling</author>
        <publisher>Indian Folk Press</publisher>
        <isbn>000060</isbn>
        <category>Folk Tales</category>
        <rating>2.6</rating>
        <description>A beautiful collection of ancient Indian folk tales.</description>
    </book>
    <book id="61">
        <image>../../images/thelegendarystories.jpeg</image>
        <title>The Legendary Stories of Anton Chekov</title>
        <price>2300.00</price>
        <stock>In Stock</stock>
        <language>English</language>
        <author>Anton Chekov</author>
        <publisher>Literary Legends</publisher>
        <isbn>000061</isbn>
        <category>Classics</category>
        <rating>4.9</rating>
        <description>A collection of the most legendary stories written by Anton Chekov.</description>
    </book>
    <book id="62">
        <image>../../images/lifeflows.jpeg</image>
        <title>Life Flows</title>
        <price>2700.00</price>
        <stock>In Stock</stock>
        <language>English</language>
        <author>Thyaga Dissanayake</author>
        <publisher>Flow Publications</publisher>
        <isbn>000062</isbn>
        <category>Drama</category>
        <rating>4.8</rating>
        <description>A moving and emotional journey through the ups and downs of life.</description>
    </book>
    <book id="63">
        <image>../../images/ofsaris.jpeg</image>
        <title>OF SARIS</title>
        <price>3200.00</price>
        <stock>In Stock</stock>
        <language>English</language>
        <author>Rukmini Attygalle</author>
        <publisher>Sari Publications</publisher>
        <isbn>000063</isbn>
        <category>Cultural</category>
        <rating>4.7</rating>
        <description>A beautiful story interwoven with the cultural heritage of India.</description>
    </book>
    <book id="64">
        <image>../../images/oscarwilde.jpeg</image>
        <title>The Legendary Stories of Oscar Wilde</title>
        <price>1800.00</price>
        <stock>In Stock</stock>
        <language>English</language>
        <author>Oscar Wilde</author>
        <publisher>Classic Tales</publisher>
        <isbn>000064</isbn>
        <category>Classics</category>
        <rating>4.9</rating>
        <description>A remarkable collection of the most iconic stories by Oscar Wilde.</description>
    </book>
    <book id="65">
        <image>../../images/ramayanaya.jpeg</image>
        <title>RAMAYANAYA</title>
        <price>1200.00</price>
        <stock>In Stock</stock>
        <language>English</language>
        <author>Valmiki</author>
        <publisher>Ancient Texts Press</publisher>
        <isbn>000065</isbn>
        <category>Mythology</category>
        <rating>3.1</rating>
        <description>The timeless epic of the Ramayana, recounting the journey of Lord Rama.</description>
    </book>
    <book id="66">
        <image>../../images/unheardcries.jpeg</image>
        <title>UNHEARD CRIES</title>
        <price>3700.00</price>
        <stock>In Stock</stock>
        <language>English</language>
        <author>Yasmin Jaldin</author>
        <publisher>Dark Tales Press</publisher>
        <isbn>000066</isbn>
        <category>Thriller</category>
        <rating>3.9</rating>
        <description>A gripping thriller that unveils secrets and untold stories of the past.</description>
    </book>
    <book id="67">
        <image>../../images/jathaka.jpeg</image>
        <title>Jataka Tales</title>
        <price>1800.00</price>
        <stock>In Stock</stock>
        <language>English</language>
        <author>Various Authors</author>
        <publisher>Fable Publications</publisher>
        <isbn>000067</isbn>
        <category>Folk Tales</category>
        <rating>1.8</rating>
        <description>A collection of ancient Buddhist stories from the Jataka tales.</description>
    </book>
    <book id="68">
        <image>../../images/BestShortStoriesofAntonChekov.jpg</image>
        <title>Best Short Stories of Anton Chekov</title>
        <price>1450.00</price>
        <stock>In Stock</stock>
        <language>English</language>
        <author>Anton Chekov</author>
        <publisher>Chekov Press</publisher>
        <isbn>000068</isbn>
        <category>Classics</category>
        <rating>4.6</rating>
        <description>A carefully selected collection of Anton Chekov’s best short stories.</description>
    </book>
    <book id="69">
        <image>../../images/business.jpg</image>
        <title>Business Research Methods</title>
        <price>1350.00</price>
        <stock>In Stock</stock>
        <language>English</language>
        <author>H.K.Dangi</author>
        <publisher>Educational Press</publisher>
        <isbn>000069</isbn>
        <category>Educational</category>
        <rating>2.5</rating>
        <description>A comprehensive guide to conducting business research with practical methods.</description>
    </book>
    <book id="70">
        <image>../../images/chemistry.jpeg</image>
        <title>Clinical Biochemistry</title>
        <price>3700.00</price>
        <stock>In Stock</stock>
        <language>English</language>
        <author>Shivananda Nayak</author>
        <publisher>Medical Science Press</publisher>
        <isbn>000070</isbn>
        <category>Educational</category>
        <rating>3.5</rating>
        <description>A detailed exploration of clinical biochemistry and its applications in medicine.</description>
    </book>
    <book id="71">
        <image>../../images/dsa.jpg</image>
        <title>DATA STRUCTURES and ALGORITHMS IN JAVA</title>
        <price>3000.00</price>
        <stock>In Stock</stock>
        <language>English</language>
        <author>Robert Lafore</author>
        <publisher>Tech Publishing</publisher>
        <isbn>000071</isbn>
        <category>Educational</category>
        <rating>3.7</rating>
        <description>A practical guide to mastering data structures and algorithms using Java programming.</description>
    </book>
    <book id="72">
        <image>../../images/economic.jpeg</image>
        <title>Engineering Economics</title>
        <price>200.00</price>
        <stock>In Stock</stock>
        <language>English</language>
        <author>D.M.Dewidi</author>
        <publisher>Engineering Insights</publisher>
        <isbn>000072</isbn>
        <category>Educational</category>
        <rating>0.6</rating>
        <description>An introduction to the economic principles that apply to engineering and technology projects.</description>
    </book>
    <book id="73">
        <image>../../images/java.jpg</image>
        <title>Beginning Programming with Java</title>
        <price>2300.00</price>
        <stock>In Stock</stock>
        <language>English</language>
        <author>Barry Burd</author>
        <publisher>CodeMaster Press</publisher>
        <isbn>000073</isbn>
        <category>Educational</category>
        <rating>4.9</rating>
        <description>A beginner's guide to programming using Java, designed to introduce core programming concepts.</description>
    </book>
    <book id="74">
        <image>../../images/maths.jpeg</image>
        <title>JEE Main Mathematics</title>
        <price>4400.00</price>
        <stock>In Stock</stock>
        <language>English</language>
        <author>Ravi Kumar</author>
        <publisher>Exam Prep Publishers</publisher>
        <isbn>000074</isbn>
        <category>Educational</category>
        <rating>4.5</rating>
        <description>A complete guide to mastering mathematics for the JEE Main exam with practice problems and solutions.</description>
    </book>
    <book id="75">
        <image>../../images/medicine.jpg</image>
        <title>Essentials of MEDICAL PHARMACOLOGY</title>
        <price>2800.00</price>
        <stock>In Stock</stock>
        <language>English</language>
        <author>K.D.Tripathi</author>
        <publisher>Medical Press</publisher>
        <isbn>000075</isbn>
        <category>Educational</category>
        <rating>3.7</rating>
        <description>A thorough introduction to the essentials of pharmacology, focusing on the medical aspects.</description>
    </book>
    <book id="76">
        <image>../../images/physics.jpeg</image>
        <title>PRINCIPLES OF PHYSICS</title>
        <price>3300.00</price>
        <stock>In Stock</stock>
        <language>English</language>
        <author>David A. Hart</author>
        <publisher>Science Press</publisher>
        <isbn>000076</isbn>
        <category>Educational</category>
        <rating>2.6</rating>
        <description>An in-depth explanation of the fundamental principles of physics with real-world applications.</description>
    </book>
    <book id="77">
        <image>../../images/python.jpeg</image>
        <title>Python for Data Analysis</title>
        <price>2600.00</price>
        <stock>In Stock</stock>
        <language>English</language>
        <author>Wes Maccery</author>
        <publisher>DataScience Publishing</publisher>
        <isbn>000077</isbn>
        <category>Educational</category>
        <rating>3.2</rating>
        <description>A comprehensive guide for using Python to perform data analysis and visualization tasks.</description>
    </book>
    <book id="78">
        <image>../../images/asterix.jpg</image>
        <title>Asterix in Swisterland</title>
        <price>1600.00</price>
        <stock>In Stock</stock>
        <language>English</language>
        <author>R.Goscinny</author>
        <publisher>Magic Books</publisher>
        <isbn>000078</isbn>
        <category>offers</category>
        <rating>3.2</rating>
        <description>Another wonderful tale of the furious Asterix</description>
    </book>
    <book id="79">
        <image>../../images/tintin.jpg</image>
        <title>TinTin Land of Black Gold</title>
        <price>700.00</price>
        <stock>In Stock</stock>
        <language>English</language>
        <author>Charles Peter</author>
        <publisher>Book Loft</publisher>
        <isbn>000079</isbn>
        <category>offers</category>
        <rating>4.2</rating>
        <description>Tin Tin sloves another mystery in egypt.</description>
    </book>
    <book id="80">
        <image>../../images/marvel.jpg</image>
        <title>Marvel</title>
        <price>3300.00</price>
        <stock>In Stock</stock>
        <language>English</language>
        <author>various authors</author>
        <publisher>Marvel Publishing</publisher>
        <isbn>000080</isbn>
        <category>offers</category>
        <rating>3.5</rating>
        <description>Avengers team up again to protect the earth.</description>
    </book>
</books>

    